{
  "train_history": {
    "train_loss": [
      0.3754983067837818,
      0.3656546407214351,
      0.36236323590087616,
      0.3590062832705897,
      0.35512100770377486,
      0.350994575862695,
      0.347130453773169,
      0.3437718639332287,
      0.34129647943892766,
      0.3402325775980299,
      0.3426611063937279,
      0.3352352784991252,
      0.32634765846686803,
      0.3166985666208048,
      0.3074682214539128,
      0.2983143601879967,
      0.2896515083259589,
      0.2817980695238517,
      0.27399950771802684
    ],
    "val_loss": [
      0.3617209357069882,
      0.35752942963906825,
      0.3582767434744241,
      0.36203197670963944,
      0.36208126087568676,
      0.3668658573336169,
      0.3699505063593909,
      0.37470996807424484,
      0.3775980346038312,
      0.37843844042001584,
      0.37782642910451836,
      0.39323755981296277,
      0.4008147021858374,
      0.41576398988837404,
      0.42404675541546877,
      0.46110951567173797,
      0.47309663015474523,
      0.49214919526137635,
      0.4988626331371705
    ],
    "val_sharpe": [
      -10.892842201345758,
      -9.399010974170686,
      -7.6055366735806675,
      -4.520509820872742,
      -8.939504120593275,
      -11.380881420917955,
      -9.540044046837766,
      -9.476041706643786,
      -11.376266445399565,
      -11.139410287610183,
      -8.631287049100164,
      -10.439688302551401,
      -11.307718377737395,
      -16.138566457905355,
      -17.467317612718354,
      -16.609703142576652,
      -18.91598810282582,
      -21.1471374613977,
      -23.067832153241714
    ],
    "val_drawdown": [
      99.98178947150434,
      99.93977719902942,
      99.86386210848876,
      97.98211078549132,
      99.91208148861774,
      99.99411006319599,
      99.93915218488533,
      99.94826937930846,
      99.98898276844763,
      99.9872715981063,
      99.87883628223891,
      99.97030706835093,
      99.992105355177,
      99.99997193456846,
      99.99999507151696,
      99.99997763431172,
      99.9999958355726,
      99.99999932997967,
      99.99999995889756
    ],
    "val_accuracy": [
      64.71881397175265,
      64.9750228528022,
      64.75035727620347,
      65.18681361125775,
      64.95217005059803,
      64.50444824966849,
      65.01815349358189,
      64.95635436649458,
      64.84466531910236,
      64.79252230562244,
      64.87878358718183,
      64.75486346255359,
      64.24630814589743,
      63.1117147970285,
      62.50112654658753,
      62.50337963976259,
      61.99160561857063,
      61.81264564638025,
      60.46143348225206
    ]
  },
  "test_metrics": {
    "loss": 0.4062837663285367,
    "accuracy": 71.60799006070437,
    "sharpe": -18.08223436181579,
    "max_drawdown": 99.99567673124213,
    "win_rate": 48.82318615055436,
    "profit_factor": 0.8203763435549042,
    "n_trades": 41128
  },
  "config": {
    "data": "data/massive/BTC_USDT_1m_FULL.parquet",
    "epochs": 100,
    "batch_size": 256,
    "seq_length": 60,
    "lr": 0.0001,
    "model": "transformer",
    "d_model": 128,
    "n_layers": 4,
    "n_heads": 8,
    "dropout": 0.1,
    "patience": 15,
    "output": "models/transformer_pro.pth",
    "walk_forward": false,
    "resume": null
  }
}